[
  {
    "id": "99e90d86-1e8f-4783-b171-3f21493503c7",
    "data": [
      {
        "text": "Good Night",
        "userDefined": false
      }
    ],
    "isTemplate": false,
    "count": 0,
    "lang": "en",
    "updated": 0
  },
  {
    "id": "ef3d6999-1315-4599-92fd-dbc8195d7b87",
    "data": [
      {
        "text": "Night ",
        "userDefined": false
      },
      {
        "text": "Night",
        "meta": "@sys.date-time",
        "alias": "date-time",
        "userDefined": false
      }
    ],
    "isTemplate": false,
    "count": 0,
    "lang": "en",
    "updated": 0
  }
]